{
  "id": "1098960",
  "name": "chengziUI",
  "font_family": "iconfont",
  "css_prefix_text": "i-",
  "description": "",
  "glyphs": [
    {
      "icon_id": "577302",
      "name": "单选-fill",
      "font_class": "danxuanfill",
      "unicode": "e71e",
      "unicode_decimal": 59166
    },
    {
      "icon_id": "577305",
      "name": "单选",
      "font_class": "danxuan",
      "unicode": "e71f",
      "unicode_decimal": 59167
    },
    {
      "icon_id": "577307",
      "name": "方形选中-fill",
      "font_class": "xuanzhong1fill",
      "unicode": "e721",
      "unicode_decimal": 59169
    },
    {
      "icon_id": "577308",
      "name": "方形选中",
      "font_class": "xuanzhong1",
      "unicode": "e722",
      "unicode_decimal": 59170
    },
    {
      "icon_id": "577309",
      "name": "关闭1",
      "font_class": "guanbi1",
      "unicode": "e723",
      "unicode_decimal": 59171
    },
    {
      "icon_id": "577310",
      "name": "关闭2-fill",
      "font_class": "guanbi2fill",
      "unicode": "e724",
      "unicode_decimal": 59172
    },
    {
      "icon_id": "577311",
      "name": "关闭2",
      "font_class": "guanbi2",
      "unicode": "e725",
      "unicode_decimal": 59173
    },
    {
      "icon_id": "577312",
      "name": "加号",
      "font_class": "jiahao",
      "unicode": "e726",
      "unicode_decimal": 59174
    },
    {
      "icon_id": "577313",
      "name": "加号1",
      "font_class": "jiahao1",
      "unicode": "e727",
      "unicode_decimal": 59175
    },
    {
      "icon_id": "577314",
      "name": "加号2-fill",
      "font_class": "jiahao2fill",
      "unicode": "e728",
      "unicode_decimal": 59176
    },
    {
      "icon_id": "577315",
      "name": "减号",
      "font_class": "jianhao",
      "unicode": "e729",
      "unicode_decimal": 59177
    },
    {
      "icon_id": "577316",
      "name": "提示-fill",
      "font_class": "tishifill",
      "unicode": "e72a",
      "unicode_decimal": 59178
    },
    {
      "icon_id": "577317",
      "name": "提示",
      "font_class": "tishi",
      "unicode": "e72b",
      "unicode_decimal": 59179
    },
    {
      "icon_id": "577318",
      "name": "问号-fill",
      "font_class": "wenhaofill",
      "unicode": "e72c",
      "unicode_decimal": 59180
    },
    {
      "icon_id": "577319",
      "name": "问号",
      "font_class": "wenhao",
      "unicode": "e72d",
      "unicode_decimal": 59181
    },
    {
      "icon_id": "577320",
      "name": "选择",
      "font_class": "xuanze",
      "unicode": "e72e",
      "unicode_decimal": 59182
    },
    {
      "icon_id": "577322",
      "name": "圆形未选中",
      "font_class": "weixuanzhong",
      "unicode": "e72f",
      "unicode_decimal": 59183
    },
    {
      "icon_id": "577323",
      "name": "圆形选中-fill",
      "font_class": "xuanzhongfill",
      "unicode": "e730",
      "unicode_decimal": 59184
    },
    {
      "icon_id": "577324",
      "name": "圆形选中",
      "font_class": "xuanzhong",
      "unicode": "e731",
      "unicode_decimal": 59185
    },
    {
      "icon_id": "577329",
      "name": "标星-fill",
      "font_class": "biaoxingfill",
      "unicode": "e732",
      "unicode_decimal": 59186
    },
    {
      "icon_id": "577330",
      "name": "标星",
      "font_class": "biaoxing",
      "unicode": "e733",
      "unicode_decimal": 59187
    },
    {
      "icon_id": "577331",
      "name": "撤销",
      "font_class": "chexiao",
      "unicode": "e734",
      "unicode_decimal": 59188
    },
    {
      "icon_id": "577335",
      "name": "订单",
      "font_class": "dingdan",
      "unicode": "e737",
      "unicode_decimal": 59191
    },
    {
      "icon_id": "577336",
      "name": "反馈",
      "font_class": "fankui",
      "unicode": "e738",
      "unicode_decimal": 59192
    },
    {
      "icon_id": "577337",
      "name": "分享",
      "font_class": "fenxiang",
      "unicode": "e739",
      "unicode_decimal": 59193
    },
    {
      "icon_id": "577338",
      "name": "更多",
      "font_class": "gengduo",
      "unicode": "e73a",
      "unicode_decimal": 59194
    },
    {
      "icon_id": "577339",
      "name": "攻略",
      "font_class": "gonglve",
      "unicode": "e73b",
      "unicode_decimal": 59195
    },
    {
      "icon_id": "577347",
      "name": "留言-fill",
      "font_class": "liuyanfill",
      "unicode": "e743",
      "unicode_decimal": 59203
    },
    {
      "icon_id": "577348",
      "name": "留言",
      "font_class": "liuyan",
      "unicode": "e744",
      "unicode_decimal": 59204
    },
    {
      "icon_id": "577349",
      "name": "朋友-fill",
      "font_class": "pengyoufill",
      "unicode": "e745",
      "unicode_decimal": 59205
    },
    {
      "icon_id": "577350",
      "name": "朋友",
      "font_class": "pengyou",
      "unicode": "e746",
      "unicode_decimal": 59206
    },
    {
      "icon_id": "577352",
      "name": "清除",
      "font_class": "qingchu",
      "unicode": "e747",
      "unicode_decimal": 59207
    },
    {
      "icon_id": "577354",
      "name": "扫码",
      "font_class": "saoma",
      "unicode": "e749",
      "unicode_decimal": 59209
    },
    {
      "icon_id": "577357",
      "name": "删除",
      "font_class": "shanchu",
      "unicode": "e74b",
      "unicode_decimal": 59211
    },
    {
      "icon_id": "577359",
      "name": "设置",
      "font_class": "settings",
      "unicode": "e74c",
      "unicode_decimal": 59212
    },
    {
      "icon_id": "577360",
      "name": "身份",
      "font_class": "shenfen",
      "unicode": "e74d",
      "unicode_decimal": 59213
    },
    {
      "icon_id": "577361",
      "name": "时钟-fill",
      "font_class": "shizhongfill",
      "unicode": "e74e",
      "unicode_decimal": 59214
    },
    {
      "icon_id": "577362",
      "name": "时钟",
      "font_class": "shizhong",
      "unicode": "e74f",
      "unicode_decimal": 59215
    },
    {
      "icon_id": "577363",
      "name": "首页-fill",
      "font_class": "shouyefill",
      "unicode": "e750",
      "unicode_decimal": 59216
    },
    {
      "icon_id": "577364",
      "name": "首页",
      "font_class": "shouye",
      "unicode": "e751",
      "unicode_decimal": 59217
    },
    {
      "icon_id": "577365",
      "name": "搜索",
      "font_class": "sousuo",
      "unicode": "e752",
      "unicode_decimal": 59218
    },
    {
      "icon_id": "577366",
      "name": "搜索类目-fill",
      "font_class": "sousuoleimufill",
      "unicode": "e753",
      "unicode_decimal": 59219
    },
    {
      "icon_id": "577367",
      "name": "搜索类目",
      "font_class": "sousuoleimu",
      "unicode": "e754",
      "unicode_decimal": 59220
    },
    {
      "icon_id": "577378",
      "name": "我的-fill",
      "font_class": "wodefill",
      "unicode": "e75d",
      "unicode_decimal": 59229
    },
    {
      "icon_id": "577379",
      "name": "我的",
      "font_class": "wode",
      "unicode": "e75e",
      "unicode_decimal": 59230
    },
    {
      "icon_id": "577381",
      "name": "喜欢-fill",
      "font_class": "xihuanfill",
      "unicode": "e760",
      "unicode_decimal": 59232
    },
    {
      "icon_id": "577382",
      "name": "喜欢",
      "font_class": "xihuan",
      "unicode": "e761",
      "unicode_decimal": 59233
    },
    {
      "icon_id": "577383",
      "name": "信息-fill",
      "font_class": "xinxifill",
      "unicode": "e762",
      "unicode_decimal": 59234
    },
    {
      "icon_id": "577384",
      "name": "信息",
      "font_class": "xinxi",
      "unicode": "e763",
      "unicode_decimal": 59235
    },
    {
      "icon_id": "577387",
      "name": "整理",
      "font_class": "zhengli",
      "unicode": "e766",
      "unicode_decimal": 59238
    },
    {
      "icon_id": "577389",
      "name": "坐标-fill",
      "font_class": "zuobiaofill",
      "unicode": "e768",
      "unicode_decimal": 59240
    },
    {
      "icon_id": "577390",
      "name": "坐标",
      "font_class": "zuobiao",
      "unicode": "e769",
      "unicode_decimal": 59241
    },
    {
      "icon_id": "577391",
      "name": "底部",
      "font_class": "dibu",
      "unicode": "e76a",
      "unicode_decimal": 59242
    },
    {
      "icon_id": "577393",
      "name": "顶部",
      "font_class": "dingbu",
      "unicode": "e76c",
      "unicode_decimal": 59244
    },
    {
      "icon_id": "577394",
      "name": "向上1",
      "font_class": "xiangshang1",
      "unicode": "e76d",
      "unicode_decimal": 59245
    },
    {
      "icon_id": "577396",
      "name": "向上3",
      "font_class": "xiangshang2",
      "unicode": "e76f",
      "unicode_decimal": 59247
    },
    {
      "icon_id": "577398",
      "name": "向下1",
      "font_class": "xiangxia1",
      "unicode": "e771",
      "unicode_decimal": 59249
    },
    {
      "icon_id": "577401",
      "name": "向下5",
      "font_class": "xiangxia2",
      "unicode": "e774",
      "unicode_decimal": 59252
    },
    {
      "icon_id": "577403",
      "name": "向右2",
      "font_class": "xiangyou2",
      "unicode": "e776",
      "unicode_decimal": 59254
    },
    {
      "icon_id": "577407",
      "name": "向左2",
      "font_class": "xiangzuo2",
      "unicode": "e77a",
      "unicode_decimal": 59258
    },
    {
      "icon_id": "579519",
      "name": "相机1-fill",
      "font_class": "xiangji1fill",
      "unicode": "e77e",
      "unicode_decimal": 59262
    },
    {
      "icon_id": "579520",
      "name": "相机1",
      "font_class": "xiangji1",
      "unicode": "e77f",
      "unicode_decimal": 59263
    },
    {
      "icon_id": "579550",
      "name": "加载",
      "font_class": "jiazai",
      "unicode": "e781",
      "unicode_decimal": 59265
    },
    {
      "icon_id": "579551",
      "name": "刷新",
      "font_class": "shuaxin",
      "unicode": "e782",
      "unicode_decimal": 59266
    },
    {
      "icon_id": "579589",
      "name": "wifi",
      "font_class": "wifi",
      "unicode": "e783",
      "unicode_decimal": 59267
    },
    {
      "icon_id": "579740",
      "name": "用户-fill",
      "font_class": "yonghufill",
      "unicode": "e787",
      "unicode_decimal": 59271
    },
    {
      "icon_id": "579741",
      "name": "用户",
      "font_class": "yonghu",
      "unicode": "e788",
      "unicode_decimal": 59272
    },
    {
      "icon_id": "579872",
      "name": "sale-fill",
      "font_class": "salefill",
      "unicode": "e78a",
      "unicode_decimal": 59274
    },
    {
      "icon_id": "579873",
      "name": "sale",
      "font_class": "sale",
      "unicode": "e78b",
      "unicode_decimal": 59275
    },
    {
      "icon_id": "580060",
      "name": "帮助中心",
      "font_class": "bangzhuzhongxin",
      "unicode": "e78f",
      "unicode_decimal": 59279
    },
    {
      "icon_id": "592049",
      "name": "菜单",
      "font_class": "caidan",
      "unicode": "e790",
      "unicode_decimal": 59280
    },
    {
      "icon_id": "593377",
      "name": "赞同-fill",
      "font_class": "zantongfill",
      "unicode": "e793",
      "unicode_decimal": 59283
    },
    {
      "icon_id": "593378",
      "name": "赞同",
      "font_class": "zantong",
      "unicode": "e794",
      "unicode_decimal": 59284
    },
    {
      "icon_id": "637792",
      "name": "上",
      "font_class": "up",
      "unicode": "e625",
      "unicode_decimal": 58917
    },
    {
      "icon_id": "637814",
      "name": "左",
      "font_class": "left",
      "unicode": "e639",
      "unicode_decimal": 58937
    },
    {
      "icon_id": "689306",
      "name": "下载",
      "font_class": "download",
      "unicode": "e823",
      "unicode_decimal": 59427
    },
    {
      "icon_id": "750881",
      "name": "单品",
      "font_class": "fenlei",
      "unicode": "e7ab",
      "unicode_decimal": 59307
    },
    {
      "icon_id": "750883",
      "name": "二维码",
      "font_class": "erweima",
      "unicode": "e7ad",
      "unicode_decimal": 59309
    },
    {
      "icon_id": "750927",
      "name": "others",
      "font_class": "others",
      "unicode": "e7bc",
      "unicode_decimal": 59324
    },
    {
      "icon_id": "1660011",
      "name": "提示",
      "font_class": "info",
      "unicode": "e641",
      "unicode_decimal": 58945
    },
    {
      "icon_id": "2106289",
      "name": "错误",
      "font_class": "color-error",
      "unicode": "e609",
      "unicode_decimal": 58889
    },
    {
      "icon_id": "5134656",
      "name": "橙子",
      "font_class": "color-chengzi",
      "unicode": "e663",
      "unicode_decimal": 58979
    },
    {
      "icon_id": "5173378",
      "name": "橙子",
      "font_class": "chengzi",
      "unicode": "e604",
      "unicode_decimal": 58884
    },
    {
      "icon_id": "5517432",
      "name": "loading",
      "font_class": "loading",
      "unicode": "e962",
      "unicode_decimal": 59746
    },
    {
      "icon_id": "6526423",
      "name": "上传",
      "font_class": "upload",
      "unicode": "e669",
      "unicode_decimal": 58985
    },
    {
      "icon_id": "7795323",
      "name": "右",
      "font_class": "right",
      "unicode": "e600",
      "unicode_decimal": 58880
    },
    {
      "icon_id": "7795326",
      "name": "下",
      "font_class": "down",
      "unicode": "e601",
      "unicode_decimal": 58881
    },
    {
      "icon_id": "10307045",
      "name": "成功",
      "font_class": "color-success",
      "unicode": "e602",
      "unicode_decimal": 58882
    },
    {
      "icon_id": "10389659",
      "name": "警告",
      "font_class": "color-warning",
      "unicode": "e62f",
      "unicode_decimal": 58927
    }
  ]
}
